S_no,Crop_name,Patched,Yield_level,Climate,Land_condition,crop_label value,Moisture_content,,
1,wheat,NaN,GOOD,WINTER,Wet,0.1,10%,,
2,wheat,NaN,GOOD,WINTER,Wet,1.1,10%,,
3,wheat,NaN,GOOD,WINTER,Wet,2.1,10%,,
4,wheat,NaN,GOOD,WINTER,Wet,3.1,10%,,
5,wheat,NaN,GOOD,WINTER,Wet,4.1,10%,,
6,wheat,NaN,GOOD,WINTER,Wet,5.1,10%,,
7,wheat,NaN,GOOD,WINTER,Wet,6.1,10%,,
8,wheat,NaN,GOOD,WINTER,Wet,7.1,10%,,
9,wheat,NaN,GOOD,WINTER,Wet,8.1,10%,,
10,wheat,NaN,GOOD,WINTER,Wet,9.1,10%,,
11,wheat,NaN,GOOD,WINTER,Wet,10.1,10%,,
12,wheat,NaN,GOOD,WINTER,Wet,11.1,10%,,
13,wheat,NaN,GOOD,WINTER,Wet,12.1,10%,,
14,wheat,NaN,GOOD,WINTER,Wet,13.1,10%,,
15,wheat,NaN,GOOD,WINTER,Wet,14.1,10%,,
16,wheat,NaN,GOOD,WINTER,Wet,15.1,10%,,
17,wheat,NaN,GOOD,WINTER,Wet,16.1,10%,,
18,wheat,NaN,GOOD,WINTER,Wet,17.1,10%,,
19,wheat,NaN,GOOD,WINTER,Wet,18.1,10%,,
20,wheat,NaN,GOOD,WINTER,Wet,19.1,11%,,
21,wheat,NaN,GOOD,WINTER,Wet,20.1,11%,,
22,wheat,NaN,GOOD,WINTER,Wet,21.1,11%,,
23,wheat,NaN,GOOD,WINTER,Wet,22.1,11%,,
24,wheat,NaN,GOOD,WINTER,Wet,23.1,11%,,
25,wheat,NaN,GOOD,WINTER,Wet,24.1,11%,,
26,wheat,NaN,GOOD,WINTER,Wet,25.1,11%,,
27,wheat,NaN,GOOD,WINTER,Wet,26.1,11%,,
28,wheat,NaN,GOOD,WINTER,Wet,27.1,11%,,
29,wheat,NaN,GOOD,WINTER,Wet,28.1,11%,,
30,wheat,NaN,GOOD,WINTER,Wet,29.1,11%,,
31,wheat,NaN,GOOD,WINTER,Wet,30.1,11%,,
32,wheat,NaN,GOOD,WINTER,Wet,31.1,11%,,
33,wheat,NaN,GOOD,WINTER,Wet,32.1,11%,,
34,wheat,NaN,GOOD,WINTER,Wet,33.1,11%,,
35,wheat,NaN,GOOD,WINTER,Wet,34.1,11%,,
36,wheat,NaN,GOOD,WINTER,Wet,35.1,11%,,
37,wheat,NaN,GOOD,WINTER,Wet,36.1,11%,,
38,wheat,NaN,GOOD,WINTER,Wet,37.1,11%,,
39,wheat,NaN,GOOD,WINTER,Wet,38.1,11%,,
40,wheat,NaN,GOOD,WINTER,Wet,39.1,11%,,
41,wheat,NaN,GOOD,WINTER,Wet,40.1,11%,,
42,wheat,NaN,GOOD,WINTER,Wet,41.1,11%,,
43,wheat,NaN,GOOD,WINTER,Wet,42.1,11%,,
44,wheat,NaN,GOOD,WINTER,Wet,43.1,11%,,
45,wheat,NaN,GOOD,WINTER,Wet,44.1,11%,,
46,wheat,NaN,GOOD,WINTER,Wet,45.1,11%,,
47,wheat,NaN,GOOD,WINTER,Wet,46.1,11%,,
48,wheat,NaN,GOOD,WINTER,Wet,47.1,11%,,
49,wheat,NaN,GOOD,WINTER,Wet,48.1,11%,,
50,wheat,NaN,GOOD,WINTER,Wet,49.1,13%,,
51,wheat,NaN,GOOD,WINTER,Wet,50.1,13%,,
52,wheat,NaN,GOOD,WINTER,Wet,51.1,13%,,
53,wheat,NaN,GOOD,WINTER,Wet,52.1,13%,,
54,wheat,NaN,GOOD,WINTER,Wet,53.1,13%,,
55,wheat,NaN,GOOD,WINTER,Wet,54.1,13%,,
56,wheat,NaN,GOOD,WINTER,Wet,55.1,13%,,
57,wheat,NaN,GOOD,WINTER,Wet,56.1,13%,,
58,wheat,NaN,GOOD,WINTER,Wet,57.1,13%,,
59,wheat,NaN,GOOD,WINTER,Wet,58.1,13%,,
60,wheat,NaN,GOOD,WINTER,Wet,59.1,13%,,
61,wheat,NaN,GOOD,WINTER,Wet,60.1,13%,,
62,wheat,NaN,GOOD,WINTER,Wet,61.1,13%,,
63,wheat,NaN,GOOD,WINTER,Wet,62.1,13%,,
64,wheat,NaN,GOOD,WINTER,Wet,63.1,13%,,
65,wheat,NaN,GOOD,WINTER,Wet,64.1,13%,,
66,wheat,NaN,GOOD,WINTER,Wet,65.1,13%,,
67,wheat,NaN,GOOD,WINTER,Wet,66.1,13%,,
68,wheat,NaN,GOOD,WINTER,Wet,67.1,13%,,
69,wheat,NaN,GOOD,WINTER,Wet,68.1,13%,,
70,wheat,NaN,GOOD,WINTER,Wet,69.1,13%,,
71,wheat,NaN,GOOD,WINTER,Wet,70.1,13%,,
72,wheat,NaN,GOOD,WINTER,Wet,71.1,13%,,
73,wheat,NaN,GOOD,WINTER,Wet,72.1,13%,,
74,wheat,NaN,GOOD,WINTER,Wet,73.1,13%,,
75,wheat,NaN,GOOD,WINTER,Wet,74.1,13%,,
76,wheat,NaN,GOOD,WINTER,Wet,75.1,13%,,
77,wheat,NaN,GOOD,WINTER,Wet,76.1,13%,,
78,wheat,NaN,GOOD,WINTER,Wet,77.1,14%,,
79,wheat,NaN,GOOD,WINTER,Wet,78.1,14%,,
80,wheat,NaN,GOOD,WINTER,Wet,79.1,14%,,
81,wheat,NaN,GOOD,WINTER,Wet,80.1,14%,,
82,wheat,NaN,GOOD,WINTER,Wet,81.1,14%,,
83,wheat,NaN,GOOD,WINTER,Wet,82.1,14%,,
84,wheat,NaN,GOOD,WINTER,Wet,83.1,14%,,
85,wheat,NaN,GOOD,WINTER,Wet,84.1,14%,,
86,wheat,NaN,GOOD,WINTER,Wet,85.1,14%,,
87,wheat,NaN,GOOD,WINTER,Wet,86.1,14%,,
88,wheat,NaN,GOOD,WINTER,Wet,87.1,14%,,
89,wheat,NaN,GOOD,WINTER,Wet,88.1,14%,,
90,wheat,NaN,GOOD,WINTER,Wet,89.1,14%,,
91,wheat,NaN,GOOD,WINTER,Wet,90.1,14%,,
92,wheat,NaN,GOOD,WINTER,Wet,91.1,14%,,
93,wheat,NaN,GOOD,WINTER,Wet,92.1,14%,,
94,wheat,NaN,GOOD,WINTER,Wet,93.1,14%,,
95,wheat,NaN,GOOD,WINTER,Wet,94.1,14%,,
96,wheat,NaN,GOOD,WINTER,Wet,95.1,14%,,
97,wheat,NaN,GOOD,WINTER,Wet,96.1,14%,,
98,wheat,NaN,GOOD,WINTER,Wet,97.1,14%,,
99,wheat,NaN,GOOD,WINTER,Wet,98.1,14%,,
100,wheat,NaN,GOOD,WINTER,Wet,99.1,14%,,
101,Patched_wheat,yes,BAD,SUMMER,Dry,2.1,12%,,
102,Patched_wheat,yes,BAD,SUMMER,Dry,3.1,12%,,
103,Patched_wheat,yes,BAD,SUMMER,Dry,4.1,12%,,
104,Patched_wheat,yes,BAD,SUMMER,Dry,5.1,12%,,
105,Patched_wheat,yes,BAD,SUMMER,Dry,6.1,12%,,
106,Patched_wheat,yes,BAD,SUMMER,Dry,7.1,12%,,
107,Patched_wheat,yes,BAD,SUMMER,Dry,8.1,12%,,
108,Patched_wheat,yes,BAD,SUMMER,Dry,9.1,12%,,
109,Patched_wheat,yes,BAD,SUMMER,Dry,10.1,12%,,
110,Patched_wheat,yes,BAD,SUMMER,Dry,11.1,12%,,
111,Patched_wheat,yes,BAD,SUMMER,Dry,12.1,12%,,
112,Patched_wheat,yes,BAD,SUMMER,Dry,13.1,12%,,
113,Patched_wheat,yes,BAD,SUMMER,Dry,14.1,12%,,
114,Patched_wheat,yes,BAD,SUMMER,Dry,15.1,12%,,
115,Patched_wheat,yes,BAD,SUMMER,Dry,16.1,12%,,
116,Patched_wheat,yes,BAD,SUMMER,Dry,17.1,12%,,
117,Patched_wheat,yes,BAD,SUMMER,Dry,18.1,12%,,
118,Patched_wheat,yes,BAD,SUMMER,Dry,19.1,12%,,
119,Patched_wheat,yes,BAD,SUMMER,Dry,20.1,12%,,
120,Patched_wheat,yes,BAD,SUMMER,Dry,21.1,12%,,
121,Patched_wheat,yes,BAD,SUMMER,Dry,22.1,12%,,
122,Patched_wheat,yes,BAD,SUMMER,Dry,23.1,12%,,
123,Patched_wheat,yes,BAD,SUMMER,Dry,24.1,12%,,
124,Patched_wheat,yes,BAD,SUMMER,Dry,25.1,12%,,
125,Patched_wheat,yes,BAD,SUMMER,Dry,26.1,12%,,
126,Patched_wheat,yes,BAD,SUMMER,Dry,27.1,12%,,
127,Patched_wheat,yes,BAD,SUMMER,Dry,28.1,12%,,
128,Patched_wheat,yes,BAD,SUMMER,Dry,29.1,12%,,
129,Patched_wheat,yes,BAD,SUMMER,Dry,30.1,12%,,
130,Patched_wheat,yes,BAD,SUMMER,Dry,31.1,12%,,
131,Patched_wheat,yes,BAD,SUMMER,Dry,32.1,12%,,
132,Patched_wheat,yes,BAD,SUMMER,Dry,33.1,12%,,
133,Patched_wheat,yes,BAD,SUMMER,Dry,34.1,12%,,
134,Patched_wheat,yes,BAD,SUMMER,Dry,35.1,12%,,
135,Patched_wheat,yes,BAD,SUMMER,Dry,36.1,12%,,
136,Patched_wheat,yes,BAD,SUMMER,Dry,37.1,12%,,
137,Patched_wheat,yes,BAD,SUMMER,Dry,38.1,12%,,
138,Patched_wheat,yes,BAD,SUMMER,Dry,39.1,12%,,
139,Patched_wheat,yes,BAD,SUMMER,Dry,40.1,12%,,
140,Patched_wheat,yes,BAD,SUMMER,Dry,41.1,12%,,
141,Patched_wheat,yes,BAD,SUMMER,Dry,42.1,12%,,
142,Patched_wheat,yes,BAD,SUMMER,Dry,43.1,12%,,
143,Patched_wheat,yes,BAD,SUMMER,Dry,44.1,12%,,
144,Patched_wheat,yes,BAD,SUMMER,Dry,45.1,12%,,
145,Patched_wheat,yes,BAD,SUMMER,Dry,46.1,12%,,
146,Patched_wheat,yes,BAD,SUMMER,Dry,47.1,12%,,
147,Patched_wheat,yes,BAD,SUMMER,Dry,48.1,12%,,
148,Patched_wheat,yes,BAD,SUMMER,Dry,49.1,12%,,
149,Patched_wheat,yes,BAD,SUMMER,Dry,50.1,12%,,
150,Patched_wheat,yes,BAD,SUMMER,Dry,51.1,12%,,
151,Patched_wheat,yes,BAD,SUMMER,Dry,52.1,12%,,
152,Patched_wheat,yes,BAD,SUMMER,Dry,53.1,12%,,
153,Patched_wheat,yes,BAD,SUMMER,Dry,54.1,12%,,
154,Patched_wheat,yes,BAD,SUMMER,Dry,55.1,12%,,
155,Patched_wheat,yes,BAD,SUMMER,Dry,56.1,12%,,
156,Patched_wheat,yes,BAD,SUMMER,Dry,57.1,12%,,
157,Patched_wheat,yes,BAD,SUMMER,Dry,58.1,12%,,
158,Patched_wheat,yes,BAD,SUMMER,Dry,59.1,12%,,
159,Patched_wheat,yes,BAD,SUMMER,Dry,60.1,12%,,
160,Patched_wheat,yes,BAD,SUMMER,Dry,61.1,12%,,
161,Patched_wheat,yes,BAD,SUMMER,Dry,62.1,12%,,
162,Patched_wheat,yes,BAD,SUMMER,Dry,63.1,12%,,
163,Patched_wheat,yes,BAD,SUMMER,Dry,64.1,12%,,
164,Patched_wheat,yes,BAD,SUMMER,Dry,65.1,12%,,
165,Patched_wheat,yes,BAD,SUMMER,Dry,66.1,12%,,
166,Patched_wheat,yes,BAD,SUMMER,Dry,67.1,12%,,
167,Patched_wheat,yes,BAD,SUMMER,Dry,68.1,12%,,
168,Patched_wheat,yes,BAD,SUMMER,Dry,69.1,12%,,
169,Patched_wheat,yes,BAD,SUMMER,Dry,70.1,12%,,
170,Patched_wheat,yes,BAD,SUMMER,Dry,71.1,12%,,
171,Patched_wheat,yes,BAD,SUMMER,Dry,72.1,12%,,
172,Patched_wheat,yes,BAD,SUMMER,Dry,73.1,12%,,
173,Patched_wheat,yes,BAD,SUMMER,Dry,74.1,12%,,
174,Patched_wheat,yes,BAD,SUMMER,Dry,75.1,12%,,
175,Patched_wheat,yes,BAD,SUMMER,Dry,76.1,12%,,
176,Patched_wheat,yes,BAD,SUMMER,Dry,77.1,12%,,
177,Patched_wheat,yes,BAD,SUMMER,Dry,78.1,12%,,
178,Patched_wheat,yes,BAD,SUMMER,Dry,79.1,12%,,
179,Patched_wheat,yes,BAD,SUMMER,Dry,80.1,12%,,
180,Patched_wheat,yes,BAD,SUMMER,Dry,81.1,12%,,
181,Patched_wheat,yes,BAD,SUMMER,Dry,82.1,12%,,
182,Patched_wheat,yes,BAD,SUMMER,Dry,83.1,12%,,
183,Patched_wheat,yes,BAD,SUMMER,Dry,84.1,12%,,
184,Patched_wheat,yes,BAD,SUMMER,Dry,85.1,12%,,
185,Patched_wheat,yes,BAD,SUMMER,Dry,86.1,12%,,
186,Patched_wheat,yes,BAD,SUMMER,Dry,87.1,12%,,
187,Patched_wheat,yes,BAD,SUMMER,Dry,88.1,12%,,
188,Patched_wheat,yes,BAD,SUMMER,Dry,89.1,12%,,
189,Patched_wheat,yes,BAD,SUMMER,Dry,90.1,12%,,
190,Patched_wheat,yes,BAD,SUMMER,Dry,91.1,12%,,
191,Patched_wheat,yes,BAD,SUMMER,Dry,92.1,12%,,
192,Patched_wheat,yes,BAD,SUMMER,Dry,93.1,12%,,
193,Patched_wheat,yes,BAD,SUMMER,Dry,94.1,12%,,
194,Patched_wheat,yes,BAD,SUMMER,Dry,95.1,12%,,
195,Patched_wheat,yes,BAD,SUMMER,Dry,96.1,12%,,
196,Patched_wheat,yes,BAD,SUMMER,Dry,97.1,12%,,
197,Patched_wheat,yes,BAD,SUMMER,Dry,98.1,12%,,
198,Patched_wheat,yes,BAD,SUMMER,Dry,99.1,12%,,
199,Patched_wheat,yes,BAD,SUMMER,Dry,100.1,12%,,
200,Patched_wheat,yes,BAD,SUMMER,Dry,101.1,12%,,
